{
  "accuracy": 0.95,
  "precision": 0.0,
  "recall": 0.0,
  "f1_score": 0.0,
  "specificity": 0.9846153846153847,
  "sensitivity": 0.8857142857142857,
  "false_positive_rate": 0.015384615384615385,
  "false_negative_rate": 0.11428571428571428,
  "true_positives": 31,
  "true_negatives": 64,
  "false_positives": 1,
  "false_negatives": 4,
  "confusion_matrix": [
    [
      64,
      1
    ],
    [
      4,
      31
    ]
  ],
  "classification_report": {
    "No Gun": {
      "precision": 0.9411764705882353,
      "recall": 0.9846153846153847,
      "f1-score": 0.962406015037594,
      "support": 65.0
    },
    "Gun": {
      "precision": 0.96875,
      "recall": 0.8857142857142857,
      "f1-score": 0.9253731343283582,
      "support": 35.0
    },
    "accuracy": 0.95,
    "macro avg": {
      "precision": 0.9549632352941176,
      "recall": 0.9351648351648352,
      "f1-score": 0.9438895746829761,
      "support": 100.0
    },
    "weighted avg": {
      "precision": 0.9508272058823529,
      "recall": 0.95,
      "f1-score": 0.9494445067893615,
      "support": 100.0
    }
  }
}